user_name,movie,rating
dbalderson0,W.,4
dpursglove1,Forget Paris,4
bpoe2,Shooting Dogs (a.k.a. Beyond the Gates),5
fsalthouse3,Collision: Christopher Hitchens vs. Douglas Wilson,6
cgrimme4,State of Emergency,6
meustanch5,"Invisible Sign, An",3
atrippack6,Cruel Story of Youth (Seishun zankoku monogatari),1
bpole7,Kaksparsh,6
sreolfi8,Full Moon in Paris (Les nuits de la pleine lune),5
vofer9,Smashing Time,6
sleglisea,"Train, The",3
ckennedyb,Outpost,6
chawec,There's Only One Sun,4
dwanstalld,The Snow White Murder Case,1
iospillanee,Miracle in Milan (Miracolo a Milano),2
hmucklof,"Fuehrer's Face, Der",4
jmaddafordg,"Tin Drum, The (Blechtrommel, Die)",4
breddingh,"Good Morning, Night (Buongiorno, notte)",6
kbaigenti,"4 Months, 3 Weeks and 2 Days (4 luni, 3 saptamâni si 2 zile)",3
cjenteauj,"Empty Mirror, The",5
wpourek,Amber Alert ,1
lmackeanl,Broken Bridges,2
jfawderym,Boy,4
iaubinn,Mysterious Object at Noon (Dokfa nai meuman),2
sjudrono,"Guard Post, The (G.P. 506)",2
tbrandinop,Safe Sex,3
dducarneq,Mouth to Mouth,1
sbaynonr,Still of the Night,2
tnockellss,Thale,5
rgulleyt,Oblivion,6
vwarbeysu,Black & White & Sex,5
wmcguiganv,Pope Joan (Die Päpstin),5
cburrilw,"Mighty, The",1
vtebbettx,Brief Encounter,2
anendy,"Trap: What Happened to Our Dream of Freedom, The",5
klaethamz,Kenny Begins,2
wwoolaghan10,Watermarks,5
ckornyshev11,Angels in the Outfield,6
nkaveney12,Incantato (Il cuore altrove),1
qhingeley13,29th Street,5
minseal14,Inescapable,2
ccoyte15,Saw VI,1
csalla16,Silent Night,4
dcraise17,Deep Cover,5
ajimson18,Franz Kafka's a Country Doctor,2
rvigurs19,"Assassination (Ansatsu) (Assassination, The) (Assassin, The)",4
dabbitt1a,The Beehive,1
mpopham1b,Shooting War,6
emachostie1c,Voyage to the Bottom of the Sea,2
ltebbs1d,"Windmill Movie, The",4
rmcginn1e,Silent Hill,4
npennycook1f,"Hundred-Foot Journey, The",5
smatchett1g,Children of the Decree (Das Experiment 770 - Gebären auf Befehl),6
sgyngell1h,Firehouse Dog,1
dbrownhill1i,Waterloo Bridge,1
jmunsey1j,My Future Boyfriend,5
pplumbley1k,When the Cat's Away (Chacun cherche son chat),5
kgalero1l,U2 3D,4
minfantino1m,Ferocious,2
ocroll1n,Something Borrowed,1
fash1o,Hearts in Atlantis,6
fprozescky1p,"Puffy Chair, The",3
lklauber1q,Star Trek: Insurrection,1
iderycot1r,Undertaking Betty (Plots with a View),3
cisakovitch1s,Meteor,3
apaszek1t,Big Jake,5
lagronski1u,Female Yakuza Tale: Inquisition and Torture (Yasagure anego den: sôkatsu rinchi),4
spetley1v,Cyberbully,2
mashbridge1w,"Cocoanuts, The",6
mkemme1x,Michael,4
abantick1y,Woman on the Beach (Haebyeonui yeoin),3
mlodder1z,Urban Ghost Story,2
sbilt20,"47 Ronin, The (Genroku Chûshingura)",3
graigatt21,Kung Fu Dunk,6
talldritt22,Two Evil Eyes,4
lsharer23,Tormented,6
gtolhurst24,If You Love (Jos rakastat),3
jmallabund25,Salvatore Giuliano,2
fscoggins26,Hotel Reserve,3
rgoodsir27,Destiny Turns on the Radio,4
bbroschke28,"Inconvenient Tax, An",1
rassiter29,"Everlasting Piece, An",2
dtoohey2a,Bill Burr: Let It Go,5
fpaolozzi2b,"Dreamlife of Angels, The (Vie rêvée des anges, La)",2
iarpino2c,Terror of Mechagodzilla (Mekagojira no gyakushu),1
dlambdon2d,10 Questions for the Dalai Lama,2
mdiack2e,Auntie Mame,3
rlarciere2f,Robinson Crusoe (Daniel Defoe's Robinson Crusoe),3
cniemetz2g,"Wedding Banquet, The (Xi yan)",2
dgurry2h,Rent-A-Cop,4
prizzardini2i,The Whisperer in Darkness,6
cfallon2j,"Big Kahuna, The",5
rrenault2k,Dragons Forever,1
bgligorijevic2l,"Matrix Reloaded, The",6
lshevill2m,"Incredible Hulk, The",6
rgerin2n,Roadracers,6
gblackman2o,This American Journey,6
cclementet2p,"Age of Innocence, The",5
chilary2q,Special Correspondents (Envoyés très spéciaux),3
eivanenkov2r,Museum Hours,2
bcluett2s,"Immortals, The",5
fskeffington2t,Collision: Christopher Hitchens vs. Douglas Wilson,2
cerrol2u,Beautiful Dreamer: Brian Wilson and the Story of 'Smile',6
jquince2v,Curb Dance,6
upigott2w,Together Again,5
elowles2x,Lies My Father Told Me,4
gbritney2y,"Grand, The",2
mcockell2z,Crazy for Christmas,6
afaherty30,Freeway,4
gvenny31,Reprise,4
tlynds32,Bring Me the Head of Alfredo Garcia,4
mbellhouse33,Tonight and Every Night,6
ffullick34,R.I.P.D.,5
cjerok35,Office Killer,4
iruprecht36,"Lost Embrace (Abrazo partido, El)",6
pouver37,There Goes My Baby,5
lgermann38,"Take Care of Your Scarf, Tatiana (Pidä huivista kiinni, Tatjana)",5
nmugg39,Beverly Hills Cop II,2
agullen3a,Oleanna,6
byeomans3b,Grown Up Movie Star,5
jdelaeglise3c,Fearless,6
cmcellen3d,"Interpreter, The",6
afieldsend3e,"Devil and Daniel Webster, The (All That Money Can Buy)",3
eforkan3f,Hear No Evil,2
kreynard3g,A Pigeon Sat on a Branch Reflecting on Existence,4
raltree3h,"Mother, I Love You",1
eilieve3i,Faster Pussycat! Kill! Kill!,6
jmckelvey3j,Humpday,5
memmanueli3k,Bones,6
edarbon3l,Cat Run,2
cswafield3m,"Unfaithful, The",6
sdehn3n,High Roller: The Stu Ungar Story,2
ngrandin3o,"Betrayed (True and the Brave, The)",4
nkyles3p,Seven Invisible Men (Septyni nematomi zmones),1
jligertwood3q,Laputa: Castle in the Sky (Tenkû no shiro Rapyuta),5
bwatkiss3r,For the Moment,6
gbleasby3s,Whitecoats,1
ttrythall3t,"Chambre en ville, Une (Room in Town, A)",1
corry3u,Life After Tomorrow,1
djohncey3v,Under the Lighthouse Dancing,1
dlongega3w,Lady Vengeance (Sympathy for Lady Vengeance) (Chinjeolhan geumjassi),3
gchivers3x,Let It Snow,1
scharter3y,À nous la liberté (Freedom for Us),1
ieadmeads3z,Good Guys Wear Black,5
lbartolomeo40,After Death (Posle smerti),3
litzcovich41,Asfalttilampaat,1
acanet42,"Boy Called Hate, A",5
bfassmann43,Alila,4
grentalll44,"Out of Towners, The",6
cboothby45,Forbidden Zone,6
etidy46,Tremors,3
dmongin47,Penthouse,1
ccoronado48,Sodom and Gomorrah,2
fsketcher49,"Dinosaur Project, The",3
kschustl4a,American Dreamz,6
rgronou4b,"Heat, The",3
mfallen4c,With Great Power: The Stan Lee Story,3
jlatus4d,"Midnight Meat Train, The",5
mfrohock4e,Life for Sale (Kotirauha),3
hlumbley4f,Easy Money,4
kitscowicz4g,Bride of Chucky (Child's Play 4),4
ctrime4h,Faith School Menace?,5
ptedstone4i,"Man Called Sledge, A",6
bdiclaudio4j,Curse of the Pink Panther,5
mgoodfellow4k,"Replacement Killers, The",5
pheffernan4l,Eight Men Out,6
hfosdyke4m,"Big Picture, The",4
kbockmann4n,Teeth,3
ldooland4o,Moulin Rouge,6
alinsey4p,Russian Dolls (Les poupées russes),6
cdarrigo4q,"Brave One, The",4
adonnell4r,"Old Man and the Sea, The",1
egerrish4s,"Time for Drunken Horses, A (Zamani barayé masti asbha)",5
dcheel4t,The Garden of Sinners - Chapter 5: Paradox Paradigm,3
kmilland4u,"Toxic Avenger Part III: The Last Temptation of Toxie, The",5
bdoone4v,Charlie Chan at the Wax Museum,2
tknivett4w,Susannah of the Mounties,4
jkeiley4x,Scooby-Doo! Camp Scare,1
drarity4y,Patriotism (Yûkoku),4
kvines4z,Weird Woman,2
aemmines50,Whoopee!,3
egiovannoni51,Van Helsing,6
lmacgillreich52,Ticked-Off Trannies with Knives,4
amacklin53,"Allnighter, The",4
jwortman54,Wah-Wah,6
rklambt55,Gigantic (A Tale of Two Johns),4
ncamden56,"Weight of Water, The",5
hault57,Blood into Wine,5
jianiello58,"Girls Can't Swim (Filles ne savent pas nager, Les)",2
efewkes59,Taistelu Näsilinnasta 1918,5
reastwell5a,Fast Life,3
ejeandel5b,All the Queen's Men,1
areeder5c,"Strange Case of Dr. Jekyll and Mr. Hyde, The",6
ecotillard5d,"Eagle Has Landed, The",4
jchantrell5e,Gerhard Richter Painting,4
mashbee5f,Escape from Fort Bravo,1
tpitcock5g,"Lost Embrace (Abrazo partido, El)",1
ltulleth5h,Splitting Heirs,3
jocahill5i,Beau Geste,5
tcholomin5j,Cool as Ice,6
ggalland5k,Cure,4
obunney5l,Karlsson on the Roof,2
emorad5m,Man in the Middle,3
cisard5n,My Flesh and Blood,2
szuann5o,April Fool's Day,5
hfourmy5p,Home for the Holidays,1
csetterfield5q,Little Ashes,4
wlydiard5r,Alligator,2
rzanioletti5s,Courage Under Fire,3
htickel5t,Old Joy,1
ojacquest5u,Everybody Wants to Be Italian,3
ucasel5v,Shall We Dance? (Shall We Dansu?),1
cokey5w,"Simple Twist of Fate, A",5
demerson5x,Photographing Fairies,6
cglashby5y,Major League,3
lbunhill5z,The Derby Stallion,3
oayerst60,Brown Sugar,1
jphilippsohn61,The Heavy,2
hpoure62,My Awkward Sexual Adventure,4
cpohl63,"Christmas Toy, The",1
omaty64,Cartouche,1
eclimar65,Nightmares,3
nbraban66,Rat Race,6
mhollyar67,Beavis and Butt-Head Do America,4
pbirch68,No Reservations,5
mtynewell69,Act of Aggression,3
vmorefield6a,Quiet Chaos (Caos calmo),6
rivanishchev6b,Stopped on Track,3
cradloff6c,"Jane Austen Book Club, The",5
ckoschek6d,Roman de gare,5
obarrim6e,9,1
cmaccarter6f,Just Visiting,5
cpetchell6g,"Throw Away Your Books, Rally in the Streets",1
clideard6h,Watch Out for the Automobile (Beregis avtomobilya),3
kdempsey6i,I Know What I Saw,1
sprinn6j,"White Darkness, The",4
kclausson6k,Welcome to the Sticks (Bienvenue chez les Ch'tis),1
tathelstan6l,Battlestar Galactica: The Plan,2
sitzcovich6m,"Lost Thing, The",4
edoumer6n,Barbarians at the Gate,6
fbadsworth6o,"Yellow Cab Man, The",1
aflaune6p,Haxan: Witchcraft Through the Ages (a.k.a. The Witches),4
djakoubek6q,Female Trouble,2
hdoret6r,"Illustrated Man, The",2
bpotebury6s,Clay Pigeons,6
rbramley6t,"12 Dogs of Christmas, The",4
mmcgerr6u,Still of the Night,4
tgianetti6v,That's Life!,1
ntocque6w,Conception,2
aspacie6x,Taxi!,6
amcknish6y,"Wild Horse, Wild Ride",1
aesler6z,Fast Food,4
bdowner70,Bloody Pit of Horror (Il boia scarlatto) (Virgins for the Hangman),5
jstuart71,Explorers,1
npinxton72,Grand Masti,6
wgrocott73,"Robe, The",1
cternault74,"Young Lieutenant, The (Le petit lieutenant)",1
agurge75,Sailor of the King,6
cdufer76,How Tasty Was My Little Frenchman (Como Era Gostoso o Meu Francês),3
bchart77,Scooby-Doo! and the Witch's Ghost,1
mtitmarsh78,"Son of the Bride (Hijo de la novia, El)",4
gbullerwell79,4,2
kelsby7a,Chunhyang,2
ksloan7b,Mrs. Winterbourne,4
tbrimelow7c,Bekas,1
kvenes7d,Rage in Heaven,6
cpetrushka7e,"Day in the Life, A",2
dblacklock7f,"Puppet Masters, The",5
memerine7g,Benjamin Blümchen - Seine schönsten Abenteuer,1
rnind7h,"Purge, The",6
swolledge7i,Carriage to Vienna,2
pharsnep7j,Intolerance: Love's Struggle Throughout the Ages,5
pgatchel7k,Manhattan Baby,1
mdivver7l,Cyberbully,2
lmiddle7m,Deceit,6
fsanter7n,Sweeney Todd: The Demon Barber of Fleet Street,3
mthalmann7o,I Want Candy,4
elochet7p,"Twilight Saga: New Moon, The",2
vwardhaugh7q,Home of the Brave,4
gritchard7r,"Talent Given Us, The",2
cscolts7s,Alien Nation: Dark Horizon,4
cgittings7t,Adventures of Tarzan,4
cpanniers7u,Christopher Strong,3
badamovsky7v,My Friend Flicka,3
slaffin7w,Hansel & Gretel: Witch Hunters,3
gchatell7x,Risky Business,3
cwitson7y,Women Without Men (Zanan-e bedun-e mardan),2
breckhouse7z,Munger Road,1
rferry80,Mother (Mat),5
rryman81,Fuck Up,3
bharden82,Personal Velocity,2
acollicott83,Ruby Cairo,4
msam84,Zatoichi the Outlaw (Zatôichi rôyaburi) (Zatôichi 16),2
lbernardt85,"Thin Man, The",4
gioan86,War of the Worlds,1
edouglass87,City Slickers,6
dshelley88,Al-risâlah,4
brumford89,Robin Hood,5
sbebb8a,Lady and the Tramp II: Scamp's Adventure,5
hcolebourne8b,Otello,4
ashaw8c,Once Upon a Time in the Midlands,5
cshirtcliffe8d,Ballplayer: Pelotero,3
dalway8e,"Zero Years, The",5
dthirtle8f,"Loves of Pharaoh, The (Das Weib des Pharao)",1
ebonde8g,Perfume: The Story of a Murderer,5
lwroughton8h,The Loyal 47 Ronin,2
echilderhouse8i,Half Moon (a.k.a. Niwemang),6
mwoolham8j,Creature,6
bstanggjertsen8k,"Miss and the Doctors (Tirez la langue, mademoiselle)",3
rvandervelde8l,Viva María!,6
emcfetrich8m,Mysterious Island,4
kaskey8n,At Play in the Fields of the Lord,4
agilley8o,Pride,6
ibollen8p,Butterflies Are Free,5
jwhipple8q,"Canyon, The",6
pguyer8r,Coming Down the Mountain,1
cdilland8s,"S21: The Khmer Rouge Death Machine (S-21, la machine de mort Khmère rouge)",6
dbroadway8t,Thank You for Smoking,6
kbottinelli8u,Flowers in the Attic,2
nprobert8v,Ernest Scared Stupid,5
cbeet8w,"Testament of Orpheus, The (Testament d'Orphée)",3
sryles8x,"Wicker Man, The",4
jmclafferty8y,Toto le héros,3
amorsom8z,Ripe,4
hbaskeyfied90,Make Believe,6
bwaterstone91,"Secrets, The (Sodot, Ha-)",2
ncribbott92,Viola,1
acopello93,That Darn Cat,1
nboig94,...And Justice for All,6
hwatterson95,Waltz with Bashir (Vals im Bashir),1
vingerfield96,"Judgement in Stone, A (Cérémonie, La)",2
pceillier97,Aladdin,3
dyeldham98,RKO 281,2
isoppit99,Love Is Colder Than Death (Liebe ist kälter als der Tod),4
mdougliss9a,Harmontown,1
cferrige9b,Blues Brothers 2000,1
zcranmor9c,If I Had a Million,5
lalbany9d,Wheels on Meals (Kuai can che),2
mmcmechan9e,Killing Bono,2
afoot9f,Travelling Salesman,2
dcramb9g,Romance in a Minor Key (Romanze in Moll),3
lblasl9h,Wind Across the Everglades,2
chanaby9i,The Magnet,3
gsissel9j,American Ninja 4: The Annihilation,5
ahebard9k,Betty,5
jgoodliffe9l,"Profession of Arms, The (Il mestiere delle armi)",5
ritzkovwitch9m,Donner Pass,3
vblakeney9n,Dr. Akagi (Kanzo sensei),3
rivanuschka9o,Quatermass 2 (Enemy from Space),3
plyenyng9p,"Dreamworlds II: Desire, Sex, Power in Music Video",4
mbollini9q,Battle Royale 2: Requiem (Batoru rowaiaru II: Chinkonka),6
adunge9r,My Last Five Girlfriends,2
cmcgahern9s,WarGames: The Dead Code,2
lslad9t,"Golden Christmas, A",1
awane9u,"Midsummer Night's Party, A (Midsummer of Love, A) (Sommaren med Göran)",4
hllewelly9v,Hellbenders,2
alamport9w,Twisted,3
ddenial9x,"Sunday Day in Hell, A (En forårsdag i Helvede)",2
ayearnes9y,"Kiss for Corliss, A (Almost a Bride)",1
fellis9z,Remo Williams: The Adventure Begins,2
eboxhilla0,After the Rain (Ame agaru) ,4
hwilcota1,Most Likely to Succeed,4
dyakushkeva2,Border Café,2
lpirota3,Chillerama,6
khubbera4,Red Riding: 1980,4
normistona5,Hitman Hart: Wrestling with Shadows,3
gprimoa6,Up at the Villa,5
rstanetta7,Sideways,4
zdekneveta8,"Strange Love of Martha Ivers, The",3
moleszcuka9,Queen: Days of Our Lives,6
cchristoforouaa,Menace II Society,1
fdegouyab,Animal,1
tbetjemanac,Victor Sjöström: Ett porträtt,5
wruppelinad,House,2
idaccaae,"Pont du Nord, Le",3
jdaalaf,Anna Lucasta,4
idanelutag,"Why Are the Bells Ringing, Mitica? (a.k.a. Carnival Scenes) (De ce trag clopotele, Mitica?)",3
ccoaseah,Perfect Sisters,6
hbartholomausai,Papusza,3
avandecasteleaj,Cobra,2
sbrislaneak,Elena Undone,3
eghiraldial,"Music Man, The",3
fcharonam,Death of a President,5
gfettersan,Buckskin Frontier,1
jfewkesao,Man Bites Dog (C'est arrivé près de chez vous),5
laldhamap,"Fox, The",6
mgandaraq,Space Truckers,3
acordobesar,This American Journey,3
cstarkingsas,Sabrina,1
hloakesat,Ways to Live Forever,6
rkerwenau,Beaufort,1
mmarsdenav,"Lucky Ones, The",1
cisaacaw,Lassie,2
yughiax,Gainsbourg (Vie Héroïque),4
imatveikoay,Rocky,4
btrythallaz,Grave Secrets (Silent Screams),5
cswatlandb0,Mac,1
atullyb1,Life in a Day,5
wobeirneb2,"Matrix Reloaded, The",3
ncantub3,Central Station (Central do Brasil),4
cpargetterb4,Edge of the City,2
bfearfullb5,"Baby of Mâcon, The (a.k.a. The Baby of Macon)",5
gtettersellb6,Pokémon the Movie: White - Victini and Zekrom,5
elarwoodb7,Crows Zero (Kurôzu zero),2
ldenzeyb8,The Christmas Wish,4
saiskovitchb9,"Collector, The",1
kbloggettba,Very Good Girls,6
ddonhardtbb,The Gamma People,6
hferenczbc,Last Life in the Universe (Ruang rak noi nid mahasan),4
bheathornbd,Puss in Boots: The Three Diablos,2
cbeneditbe,Comedy Central Roast of Bob Saget,2
fdelacotebf,It Happened on Fifth Avenue,2
dorrahbg,Midnight in Paris,5
bpaolinobh,The Inspector,4
hongebi,Blast,1
alowrybj,You'll Never Get Rich,3
sbowkleybk,Smokin' Aces 2: Assassins' Ball,6
mmorseybl,Magic in the Moonlight,4
nmilberrybm,"I Love You, Man",2
cdeddenbn,Bones,2
cmanninbo,Hothead (Coup de tête),4
hdowbakinbp,"Monuments Men, The",6
amcmonniesbq,"Last Angry Man, The",5
bdannbr,The Captains,3
dbruckerbs,"Long Kiss Goodnight, The",6
sosirinbt,"Awful Dr. Orlof, The (Gritos en la Noche)",5
bpauleaubu,Alla älskar Alice,6
agrealeybv,Journey to the Sun (Günese yolculuk),2
abradbornebw,Blackballed: The Bobby Dukes Story,1
jruskinbx,Cet amour-là,6
odenkby,Skokie ,2
bhaileybz,Thirty-Five Something (Tout pour plaire),4
rspinettic0,Amnèsia,2
nvuittonc1,Last Train Home,1
centerleinc2,Clockstoppers,5
edeveralec3,"Friends, The (Les Amis)",4
dbroadwellc4,Indiscreet,6
opalfreec5,Do We Really Need the Moon?,1
spankethmanc6,"Octagon, The",6
wklempkec7,A True Mob Story,6
mwhitloec8,Bicycle Thieves (a.k.a. The Bicycle Thief) (a.k.a. The Bicycle Thieves) (Ladri di biciclette),1
nlodingc9,"Battle of Britain, The (Why We Fight, 4)",2
ddjekicca,"Lost World, The",2
ryesenincb,Close Encounters of the Third Kind,2
fbexleycc,Vlad Tepes (Vlad &#354;epe&#351;),1
rboyancd,Tell,3
sgrubeyce,Guilty of Romance (Koi no tsumi) ,3
effoulkescf,Moby Dick,3
csalewaycg,Silent Sonata,1
anorthwaych,Big Top Pee-Wee,4
sprendergrassci,April Showers,4
dgoodhewcj,"Liberation of L.B. Jones, The",6
umatysck,El chocolate del loro,3
eyousoncl,The Wind in the Willows,6
ksaunderscm,"Libertine, The",1
cgascoignecn,Predictions of Fire (Prerokbe Ognja),6
apoytherasco,One Night of Love,6
bgrevilecp,Zeus and Roxanne,3
bjewsburycq,"Omega Man, The",5
rgiuroncr,My Tutor,1
ihaestiercs,"Dance of Reality, The (Danza de la realidad, La)",2
fdunrigect,Life of Pi,4
bgamoncu,"Gypsy Moths, The",4
jnormanvillecv,Screamers,2
malldiscw,Ever Since the World Ended,3
bmillsomcx,Wilson,4
lyarrantoncy,Exhibition,4
joveycz,Broadway Danny Rose,1
rdawidmand0,Chinese Odyssey 2002 (Tian xia wu shuang),6
sclifforthd1,Driving Lessons,5
xhambrickd2,Hatchet III,3
mdalrympled3,Not Forgotten,6
amacmeanmad4,Johnny Handsome,3
alelievred5,Sin City: A Dame to Kill For,4
mscanlind6,Lorenzo's Oil,5
dagnewd7,Millennium,1
slockwoodd8,"Giant Gila Monster, The",3
dsneddend9,Sunnyside,6
msugarda,The Auction,5
kpawelsdb,Nola,3
gdeblasiodc,"Love on the Run (Amour en fuite, L')",5
tlatekdd,"Poker Club, The",4
rricartde,"Keys to the House, The (Chiavi di casa, Le)",3
cpolendinedf,Super Capers,3
lmapesdg,Consuming Kids: The Commercialization of Childhood,4
kschultheissdh,Sebastiane,3
rpockedi,Protocol,6
fcristofaninidj,Les disparus de Saint-Agil,3
cjeaffersondk,7th Cavalry (Seventh Cavalry),6
akelsalldl,The Magic Flute,3
dorreydm,Garden State,5
tscrammagedn,Snow and Ashes,6
fmangondo,Zhou Yu's Train (Zhou Yu de huo che),2
slamburnedp,Marianne & Juliane (Die Bleierne Zeit),1
bskewisdq,Track 29,6
arawsthornedr,Vince Vaughn's Wild West Comedy Show: 30 Days & 30 Nights - Hollywood to the Heartland,2
hjayesds,Blackbird,5
nkoseldt,Beloved,3
smitchinerdu,Desperate Journey,1
kblaasedv,Eternal Sunshine of the Spotless Mind,3
llackhamdw,The Year Without a Santa Claus,4
maupoldx,"Construction, The (En construcción)",4
hkellowaydy,Savage Streets,1
rcardodz,Olympus Has Fallen,6
gtomaneke0,"East, West, East: The Final Sprint",6
rdabere1,"Django, Kill... If You Live, Shoot! (Se sei vivo spara)",4
osimonnote2,San Antonio,1
dparkhousee3,Chopping Mall (a.k.a. Killbots),5
daucklande4,Kill Switch,4
mforree5,Charlie Wilson's War,5
csinkinse6,A Run for Your Money,2
sjancae7,S.P.L.: Kill Zone (Saat po long),4
fatwille8,Machine Gun Kelly,1
facutte9,9,4
afilippoea,Knights of the Round Table,3
bheartyeb,Biggles,5
lbertelmotec,"Actress, The",5
vmulderriged,Cohen and Tate,4
glekeuxee,"League of Extraordinary Gentlemen, The (a.k.a. LXG)",5
jsimondsonef,Are You Here,5
pchardeg,Death of a Salesman,3
ewaddinghameh,"Loving Story, The",5
stremmilei,From the Clouds to the Resistance (Dalla nube alla resistenza),1
kbostonej,Taken,5
fmcbeanek,This Is My Father,4
fperinel,Damnation (Karhozat),2
ctaylotem,Mission to Mir,3
gferresen,The Last Farm,4
ldoelleeo,Teenage Mutant Ninja Turtles II: The Secret of the Ooze,5
lemmaep,Caesar (Julius Caesar),1
mconcannoneq,Soap and Water,5
hhugoer,"Borrower, The",2
apullenes,"19th Wife, The",4
rlohdenet,Whale Rider,6
kmatieweeu,Fragile,1
bdybleev,Bed of Roses,6
larundelew,Broken Arrow,4
amathisonex,Wheels on Meals (Kuai can che),5
ifeenaney,Red Like the Sky (Rosso come il cielo),3
dgallifordez,Grumpier Old Men,1
bblenkensopf0,Before the Revolution (Prima della rivoluzione),6
rhallifaxf1,Don Quixote,2
fdunstonf2,"Kids in the Hall: Same Guys, New Dresses",3
tmanserf3,Child's Play 2,3
bdanielczykf4,"Night Walker, The",4
ssherebrookef5,"Opposite of Sex, The",5
rblumerf6,"Ultimate Warrior, The",4
egisbornef7,Midnight Bayou,5
pketchasidef8,"Officer and a Gentleman, An",6
rdyerf9,Frozen Fever,2
bduplockfa,Dark Passage,6
jleamingfb,I Capture the Castle,1
bhammettfc,Macheads,2
cduferiefd,"Street with No Name, The",1
wstebbinfe,Empire,1
ppietzkeff,"Patch of Blue, A",6
rmurneyfg,The Baby Maker,5
kmulhallfh,Dante's Inferno: An Animated Epic,6
scroncheyfi,"Experience, The (Tadjrebeh)",2
cmcindrewfj,"Lonely Man, The",3
mgabbattfk,"Bad News Bears Go to Japan, The",4
mlipmanfl,Two for the Seesaw,4
sorfordfm,"Iron Mask, The",1
clendenfn,Roseland,5
fciciurafo,Dangerous,2
fduffusfp,"Harvest/La Cosecha, The",4
eheberdenfq,"Buy the Ticket, Take the Ride: Hunter S. Thompson on Film",6
cghiroldifr,"Poseidon Adventure, The",1
fstolzefs,Bianca Beauchamp: All Access,3
amacmenamieft,"Driller Killer, The",6
ucoldmanfu,Callas Forever,4
mjearyfv,Viva Villa!,1
ibettlestonefw,Finding Forrester,2
chammattfx,Electrick Children,6
tderricoatfy,Blind Date,2
charphamfz,"Greatest Movie Ever Sold, The (POM Wonderful Presents: The Greatest Movie Ever Sold)",6
tguyg0,"Legend of the Red Dragon (a.k.a. New Legend of Shaolin, The) (Hong Xi Guan: Zhi Shao Lin wu zu)",4
wrowlingsg1,"Good Morning, Vietnam",2
ksexteng2,Higher Ground,4
lcanerog3,"Silent House, The (La casa muda)",2
sneving4,Smoke on the Potato Fields (Dým bramborové nate),6
bgillinog5,Monte Walsh,3
cmuatg6,Zombie Strippers!,4
rjacobszg7,Idlewild,6
wsockellg8,Almost Married,1
emcdermidg9,Point and Shoot,6
mmcfeatga,"Interrupters, The",6
fgrundeygb,Story of a Love Affair (Cronaca di un amore),4
esecretgc,Amazing Johnathan: Wrong on Every Level,6
bcondongd,Happy Tears,4
dpauncefortge,No Where No One (Hich Koja Hich Kas),6
kmocklergf,Shadowzone,6
tlinfittgg,Kal Ho Naa Ho,6
rtubbgh,Bustin' Down the Door,5
jpollokgi,Super,4
tbutchardgj,Without Pity,3
lbarnsleygk,Goats,5
msharergl,Norman,6
gshoulergm,Raiders of the Lost Ark: The Adaptation,1
mbatemangn,Ainoat Oikeat,4
mflattgo,009 Re: Cyborg,4
jtaddgp,Burke and Hare,4
egirthgq,Jude the Obscure,5
khinchongr,Return to Peyton Place,5
grymellgs,Unlawful Killing,6
blongmoregt,Dr. Gillespie's New Assistant,5
ngiovannonigu,Bend It Like Beckham,6
bnobbsgv,Stevie Nicks: Live at Red Rocks,3
cfishbygw,Dog Run,5
leeftinggx,Birdman of Alcatraz,5
opaigegy,Sweet Sixteen,1
slowegz,Before Sunrise,5
astellih0,FernGully 2: The Magical Rescue,3
rsimenelh1,"Last of the Mohicans, The",5
sreussh2,"Club, The",6
dhannibalh3,Cabin Fever 2: Spring Fever,2
astellinh4,"Beginner's Guide to Endings, A",5
pandrysiakh5,Dot and the Whale,3
posbidstonh6,Me and the Colonel ,3
rwannh7,Human Touch,6
dvliesh8,"Nutcracker, The",3
nstrethillh9,If You Could Only Cook,4
evernallsha,"Way of the Dragon, The (a.k.a. Return of the Dragon) (Meng long guo jiang)",4
mearleshb,Freaky Deaky,5
jcolmerhc,Four Heads Are Better Than One (Un homme de tête),3
kszimonhd,Me and You and Everyone We Know,4
fmannhe,Süperseks,4
narmandhf,Voodoo Tiger,5
kcarranehg,Amityville: Dollhouse,6
cpelchathh,Breakaway (Speedy Singhs),5
mhullahhi,Miss Castaway and the Island Girls,3
nantognazzihj,Doctors' Wives,6
mburrushk,Cocaine Cowboys,3
lhullothl,"Diary of a Chambermaid, The",5
rsantihm,Johnson Family Vacation,3
ddishmanhn,"Glass Web, The",2
cnewportho,Grayeagle,4
csketchleyhp,Shut Up and Play the Hits,2
crenihanhq,Blackout,3
mbullickhr,Go Tigers!,2
tmowdayhs,"Swan, The",4
alieht,Convict 13,3
mloramhu,"Legend of Rita, The (Stille nach dem Schuß, Die)",3
pdoileyhv,Kermit's Swamp Years,6
kcleavelandhw,Saints and Soldiers,4
bbunnellhx,"Bridge Too Far, A",4
mwaldronhy,Wild Man Blues,5
sgrishakovhz,Lightning in a Bottle,3
rmayfieldi0,The Last Farm,6
ddorri1,"Perfect Human, The (Perfekte Menneske, Det)",1
rcalderoi2,Going to Pieces: The Rise and Fall of the Slasher Film,4
rsheasbyi3,Vessel of Wrath,4
mmarzellei4,Haunt,5
mfiski5,"Ordet (Word, The)",3
rhenrikssoni6,Queen Kelly,4
mvanbruggeni7,"Warrior's Way, The",3
mscutchingsi8,Man of Tai Chi,5
achalleni9,American Pie Presents: Band Camp (American Pie 4: Band Camp),5
ttwiningia,Children of the Corn: Revelation,4
fmackissackib,"Tao of Steve, The",4
gsaywardic,Diary of a Lost Girl (Tagebuch einer Verlorenen),3
fdeferrariid,Land of Happines (Onnen maa),6
kraineyie,"House Built on Water, A (Khanei ruye ab)",2
ayeldenif,Les invincibles,6
dmoncreiffig,Aces 'N' Eights,6
hridholeih,Black Swan,4
jmcpeetersii,Life Itself,5
afidginij,Gloria,1
kdearloveik,The Shoe,4
rduckelsil,Katy Perry: Part of Me,4
jfranchiim,Lilith,2
fbelbinin,From Zero to Hero,1
ofortio,"N Word, The",6
spharaohip,Traveller,3
eblackleyiq,Blue Vinyl,4
sgillioir,Ghost Machine,6
kbrodheadis,"Time for Killing, A",2
dkohlertit,Feast,6
bsirediu,Tromeo and Juliet,3
fscattergoodiv,"Juror, The",4
cberriganiw,From the Journals of Jean Seberg,3
nmccathayix,"Craigslist Killer, The ",3
fslarkeiy,Gideon's Army,3
mstaintoniz,Meet the Fockers,1
imaclurej0,The Wicker Tree,1
ktorrentj1,Amar Akbar Anthony,6
mcurleyj2,Fraulein (Das Fräulein) ,6
lfoucherj3,Cornelis,6
ayitzowitzj4,Kolmistaan,3
abingej5,"Damned, The (Les Maudits)",5
cbeddallj6,X-Men: Days of Future Past,2
oashelfordj7,Lost Horizon,5
boharaj8,"Buy the Ticket, Take the Ride: Hunter S. Thompson on Film",4
thearnsj9,Happiness,4
ksteanyngja,"Ghost Breakers, The",3
hgibberdjb,LOL,2
dtawjc,"Eagle Has Landed, The",2
bgilbodyjd,Bhaag Milka Bhaag,6
bvinkje,Chasers,2
mhostenjf,Fever,2
cskurrayjg,Confidence,5
rclulowjh,Punching the Clown,1
hmeffanji,Ecstasy in Entropy,1
vscammondenjj,It's a Great Feeling,5
jbradbrookjk,Here Comes the Devil (Ahí va el diablo),4
pdrifejl,The Plague of the Zombies,6
cbreederjm,Lower City (Cidade Baixa),4
ioboyjn,"20,000 Leagues Under the Sea",4
gmastertonjo,Pistol Opera (Pisutoru opera),3
lmurgatroydjp,"Computer Wore Tennis Shoes, The",5
rrokejq,Forbidden,3
mgoldsworthyjr,Perifery (Härmä),2
cavrasinjs,Outside Ozona,6
gcruxtonjt,Stoked: The Rise and Fall of Gator,6
gpudsallju,Wonderland,2
ntwoohyjv,Meatballs III,5
ipaddingdonjw,Conversation Piece (Gruppo di famiglia in un interno),4
sdowbigginjx,Marilyn in Manhattan,1
spetticrewjy,Strawberry and Chocolate (Fresa y chocolate),2
kelldredjz,Before the Rain (Pred dozhdot),6
hpeek0,Michael Shayne: Private Detective,2
egravellk1,"Southerner, The",3
esenettk2,So Young (Zhi wo men zhong jiang shi qu de qing chun),2
mwigelsworthk3,Blind Husbands,6
eedmeadesk4,C.O.G.,2
hibbsk5,"Suitor, The (Soupirant, Le)",5
slancleyk6,Pardes,5
brainsburyk7,Sofia's Last Ambulance (Poslednaka lineika na Sofia),4
holiveyk8,"Millionaire for Christy, A (Golden Goose) (No Room for the Groom)",2
rwoltersk9,"My Son, My Son, What Have Ye Done",4
rscopeska,Becoming Jane,1
bflaunderskb,Skokie ,1
adunhamkc,The Seven Males,5
ppetriellokd,Head Office,4
imcaughtrieke,Crank,3
rtethcotekf,Promised Land,3
ooverellkg,The Last Wagon,4
eferreokh,"Streetcar Named Desire, A",4
dgallerki,Garlic Is As Good As Ten Mothers,6
dgrancherkj,Film About a Woman Who...,3
dwiddoweskk,Hot Pepper,5
tgarlettekl,Tucker: The Man and His Dream,4
oweskerkm,"Sound of the Mountain (Thunder of the Mountain, The) (Yama no oto)",5
lhawkn,China Seas,3
dfogdenko,Herb & Dorothy,5
dmacgormankp,"Holy Girl, The (Niña santa, La)",3
ktelfordkq,Go West,6
tdodworthkr,"South Shaolin Master, The (Nan quan wang)",2
rramesks,Summer Holiday,2
arawekt,How to Rob a Bank,4
gwoodthorpeku,"Long Ride Home, The",2
atibolskv,Navy Seals,6
hpavlenkovkw,Fraulein (Das Fräulein) ,4
aflexmankx,Eva,5
rdybellky,Tell-Tale,3
mspibykz,To Sir with Love,5
jastmanl0,Bound for Glory,5
bturneuxl1,Mega Shark vs. Giant Octopus,2
mperrigol2,Robocroc,4
bcollickl3,Butchered,6
gvalentil4,The Party,2
rtankinl5,"Seduction of Joe Tynan, The",4
hharbidgel6,A Gathering of Eagles,1
kpacquetl7,Men Seeking Women,6
fpergensl8,Freeloaders,3
ctuffsl9,Fatal Instinct,1
clebarrela,Toy Story 3,6
ecoilslb,"Last Seduction II, The",1
dknightslc,"Battle of Britain, The (Why We Fight, 4)",4
grunciemanld,Winter Soldier,1
gserchwellle,Armless,5
nleeveslf,Addicted to Love,2
cromushkinlg,Happiness Never Comes Alone (Un bonheur n'arrive jamais seul),2
aziemlh,"World Apart, A",1
gmalyjli,Om Jai Jagadish,3
sdecruselj,"Wrong Guys, The",4
cgabbatisslk,"Round Up, The (La Rafle)",3
mrolfinill,Zone Troopers,1
otonnalm,Love Finds Andy Hardy,4
aoquirkln,Champagne for Caesar,2
dbleuelo,Nanayo (Nanayomachi),4
jhogbenlp,"Strongest Man in the World, The",4
sjapplq,Death Defying Acts,3
wkyllfordlr,Hen Hop,1
gsouthamls,"Father, The (Pedar)",4
gbasterfieldlt,Star Maps,4
cmushettlu,Addicted to Plastic,5
scolllv,Tamara Drewe,2
nvalintinelw,My Dinner with André,2
dprudhamlx,"Borrower, The",1
hbyshly,Seduced and Abandoned,2
selfelz,Warning Shadows (Schatten - Eine nächtliche Halluzination),2
jmellingm0,Killer at Large,6
lsargintm1,Bird People,4
etolanm2,The Corsican Brothers,1
kezelem3,In the Company of Men,4
fredgrovem4,Casanova,2
apelzerm5,Scooby-Doo! Abracadabra-Doo,4
hdomokosm6,Piggy,5
bkinastanm7,Hollidaysburg,2
dstanyerm8,"House of Rothschild, The",5
ebeaumontm9,Brother's Keeper,3
rmoylerma,Dancer in the Dark,5
agrayermb,Backlash,2
cyankovmc,Open Season 3,4
jabramchikmd,"Life Is Rosy (a.k.a. Life Is Beautiful) (Vie est belle, La)",1
ccallacherme,Happy-Go-Lucky,4
lnewcommf,Nina's Heavenly Delights,3
isnipemg,"Definitely, Maybe",1
ddunsfordmh,Dragon Age: Blood mage no seisen (a.k.a. Dragon Age: Dawn of the Seeker),6
mcarahermi,"Cat Came Back, The",4
hbenmj,Chaos (Kaosu),1
tailsburymk,"Fan, The",1
adayneml,Betsy's Wedding,2
bnorcottmm,"Private Lives of Elizabeth and Essex, The",4
gbushrodmn,Dead Genesis,1
ffollettmo,"Delicate Art of Parking, The",1
cgricewoodmp,Ju-on: The Beginning of the End (Ju-on: Owari no hajimari),4
mgrinleymq,Groundhog Day,1
hhaburnemr,Twister,5
kroxbeems,Orgy of the Dead,2
adunridgemt,Formosa Betrayed,5
wfernihoughmu,Final Fantasy: The Spirits Within,1
pmatteolimv,Richard Pryor Live on the Sunset Strip,2
nfishpoolemw,Wu Tang Master (Tian shi zhuang xie),6
jhelemx,Role/Play,5
aandriveaumy,Kiwi!,6
ystothardmz,Champagne for Caesar,6
gportlockn0,City Slacker,1
lkaliszewskin1,"Suicide Shop, The (Le magasin des suicides) ",2
mburneln2,Solaris (Solyaris),6
rvisen3,Supernova,2
acornilsn4,How to Meet Girls from a Distance,2
mjovisn5,"Dark Horse, The",1
hlambertonn6,Captive (Cautiva) ,5
adibnahn7,"Die Bademeister – Weiber, saufen, Leben retten",2
ngiannottin8,"Nightmare on Elm Street, A",3
lnobrigan9,Hellbenders,1
smoxsteadna,Bloodstone: Subspecies II,3
gsimmondsnb,Enigma,4
ykyrkemannc,Still Bill,1
njecocknd,Far Out Isn't Far Enough: The Tomi Ungerer Story,5
oaleavyne,You Got Served,4
msillettnf,Midnight in the Garden of Good and Evil,6
lloxleyng,Christmas Carol: The Movie,6
mhaglingtonnh,Pauly Shore Is Dead,1
cinnocentini,"Strawberry Blonde, The",3
ngiovanittinj,The Anderssons in Greece: All Inclusive,6
bdoolernk,"Big Bird Cage, The",3
vbouzeknl,"Station, The (Blutgletscher)",2
ywaterfallnm,"Oath, The",3
aharowernn,Chicago,3
jcolbertno,Puppet Master II,5
acalderonp,I Want to Look Like That Guy,4
astroulgernq,"Great Ecstasy of Robert Carmichael, The",1
bstieblernr,Mimic,1
dperottns,Clara and Me (Clara et moi),4
szylberdiknt,"Sorry, Wrong Number",3
npasterfieldnu,Frontière(s),3
jlachezenv,Blind Shaft (Mang jing),5
vknowltonnw,The Fearless Four,4
kmuldernx,Métisse (Café au Lait),3
druminny,"Bad News Bears in Breaking Training, The",6
ebrandricknz,Phoenix,1
wbetuno0,Nine Lives,5
hclearo1,"Krakatoa, East of Java",4
jottawello2,Wedding Daze,1
jdellenbroko3,Be with Me,6
aculshewo4,Cedar Rapids,6
jjanodeto5,Love Is All There Is,3
nleconteo6,If I Were You (Se Eu Fosse Você),1
vraviluso7,Hot Shots! Part Deux,4
emcivero8,Blood into Wine,3
scochrano9,Eva (a.k.a. Eve),2
vrosioa,"Dunce Class on Vacation, The (Hababam sinifi tatilde)",2
fparlottob,SIS,6
ekennaghoc,Upside Down,2
cmaciunasod,Lion of the Desert,1
sdionsettooe,"Crossing, The",4
epaddieof,Rough Riders,3
gredsullog,Stranger than Fiction,4
hdutchoh,Feet First,2
fstillingoi,Skokie ,1
melmesoj,"Koko, a Talking Gorilla",1
mpigneyok,Switchblade Sisters,3
achartmanol,Vacuuming Completely Nude in Paradise,1
mdunphieom,David et Madame Hansen,4
fmelonbyon,Inbetween Worlds,4
bdochartyoo,Drop Dead Fred,6
vbagnalop,30 Minutes or Less,5
msarreoq,Grease 2,5
cdillamoreor,All the Right Moves,5
sjergeros,Through and Through (Na wylot),3
cgranvilleot,Chantilly Lace,1
ttrailou,Open Season,2
ukinsmanov,Sister (L'enfant d'en haut),1
kmarriotow,Bossa Nova,1
hchoudhuryox,Rocker,4
csilleyoy,Meet Joe Black,4
pchristescuoz,Eden Log,3
jhemeretp0,Shoot the Moon,3
wpelmanp1,Sex in Chains (Geschlecht in Fesseln),2
jcoakerp2,"Confiance règne, La",3
abrideokep3,Pronto,3
dmurbyp4,"Royal Tenenbaums, The",2
ncharkp5,Gate of Hell (Jigokumon),2
dcoveneyp6,187 (One Eight Seven),2
agoodsalp7,Major Movie Star,1
lbottrillp8,High Fidelity,6
lrickellp9,The Dark Horse,1
eenderlepa,Ghosts... of the Civil Dead,4
lpeceypb,"Terrorist, The (a.k.a. Malli) (Theeviravaathi)",5
jleybornepc,Dennis the Menace,4
mdohrpd,"Zombie Lake (Lac des morts vivants, Le) (Zombies Lake) (Lake of the Living Dead, The)",5
tbreesepe,Lovers and Other Strangers,4
rverringpf,House of 1000 Corpses,6
tsaddletonpg,Goal II: Living the Dream,6
cwallikerph,Endless Love,2
solifardpi,Coma,5
csigwardpj,Santa Who?,4
nclericoatespk,Backwoods (Bosque de sombras),2
jwyllcockpl,Starship Troopers 2: Hero of the Federation,6
mgurwoodpm,Beat Street,3
idoldenpn,"Night of the Hunter, The",5
fickowiczpo,Walk All Over Me,6
amartinellopp,"Man, Woman and Beast (L'uomo la donna e la bestia)",2
cgilliardpq,"Scarlet Pimpernel, The",5
ebowhaypr,My Best Enemy (Mi mejor enemigo),4
echamperlenps,Rogue Cop,1
gtruelovept,Distant Drums,5
bespositapu,Blackadder Back & Forth,2
tendecottpv,Episode 3: Enjoy Poverty,3
iallakerpw,Sense & Sensibility,5
kguthriepx,Zeus and Roxanne,6
pcornickpy,"Emperor Jones, The",3
zvigerspz,Life or Something Like It,1
ldumphyq0,Butterflies Are Free,4
vmcilvaneyq1,Jules and Jim (Jules et Jim),3
moakeq2,"Perfect Murder, The",5
rdaintreyq3,Code Unknown (Code inconnu: Récit incomplet de divers voyages),4
lyurocjhinq4,"Island at the Top of the World, The",1
vmcasterq5,White Zombie,2
jklampq6,"Newton Boys, The",1
pboolsq7,Get Out of My Room,5
cnastq8,"Rum Diary, The",4
eenderwickq9,How the Myth Was Made: A Study of Robert Flaherty's Man of Aran,6
rblinckoqa,Rapture-Palooza,1
nmaccafferyqb,Ghost Rider,6
eragbournqc,Palms (Ladoni),3
mlinforthqd,My Name Is Joe,1
jtowlqe,Margin Call,3
htabbittqf,The Forest,6
rmacneilageqg,Love at Large,1
acauderlieqh,Simple Men,5
lcornejoqi,Silent Wedding (Nunta Muta),1
loslerqj,"End of Poverty, The",3
lrizzardiqk,Family United (La gran familia española),4
mbuseql,"Star for Two, A",4
jgreenwayqm,Shadow Boxers,3
obarajaqn,Arcade,2
bbettyqo,My Mother Likes Women (A mi madre le gustan las mujeres),3
bharrimanqp,To Live and Die in L.A.,2
bantliffqq,I Declare War,1
cgoldbyqr,Grave Secrets (Silent Screams),3
amacginleyqs,"Marshal of Finland, The (Suomen Marsalkka)",3
sbarstowkqt,Codebreaker,5
jgocherqu,The Legend of Sarila,4
dfesslerqv,"Ranma ½: Big Trouble in Nekonron, China (Ranma ½: Chûgoku Nekonron daikessen! Okite yaburi no gekitô hen)",5
jroddanqw,Rock School,2
mgeldefordqx,"Case Against 8, The",5
hpunyerqy,Double Dhamaal,5
jaymesqz,Redemption: For Robbing the Dead,3
jcubbinir0,"Wind and the Lion, The",3
laxbyr1,Family Law (Derecho de familia),5
lhaversr2,"Age of the Medici, The (L'età di Cosimo de Medici) ",1
tforseyr3,"Pink Panther 2, The",6
skenchr4,Female Yakuza Tale: Inquisition and Torture (Yasagure anego den: sôkatsu rinchi),2
mgrattenr5,Alois Nebel,6
darsnellr6,Benji,2
mreecer7,The Uninvited Guest,2
tnairnr8,Cutthroat Island,5
galgorer9,Boogie Nights,1
fbewsyra,Ishtar,3
fkidstounrb,"Express, The",2
ejandarc,Amityville 1992: It's About Time,6
hschwandermannrd,Child Bride,3
kwoodcroftre,"Olsen Gang on the Track, The (Olsen-banden på sporet)",5
pmchirrierf,Stray Cat Rock: Sex Hunter (Nora-neko rokku: Sekkusu hanta),5
rewingsrg,Time to Die (Tiempo de morir),1
gladelrh,Gantz: Perfect Answer,2
fbasileri,Meet John Doe,1
emahoneyrj,Inequality for All,4
achoffinrk,Cropsey,6
fcarsbergrl,"Brain That Wouldn't Die, The",3
lmckertonrm,"Nibelungen: Kriemhild's Revenge, Die (Die Nibelungen: Kriemhilds Rache)",6
hmcdougallrn,Mama,4
cbanishevitzro,"Other Son, The (Fils de l'autre, Le)",3
eaguirrezabalrp,Nowhere Boy,2
abemwellrq,"Debt, The",2
sesmonderr,Maternal Halfbrothers (Braca po materi),3
